{"cameraMode":{"drawMode":0,"name":"Shaded","section":"Shading Mode"},"sceneLighting":true,"audioPlay":false,"sceneViewState":{"m_AlwaysRefresh":false,"showFog":true,"showSkybox":true,"showFlares":true,"showImageEffects":true,"showParticleSystems":true,"showVisualEffectGraphs":true,"m_FxEnabled":true},"in2DMode":false,"pivot":{"x":15.219124794006348,"y":11.028193473815918,"z":10.675947189331055},"rotation":{"x":0.03282707557082176,"y":-0.9411980509757996,"z":0.3241899609565735,"w":0.09233296662569046},"size":5.555771827697754,"orthographic":false}