{"cameraMode":{"drawMode":0,"name":"Shaded","section":"Shading Mode"},"sceneLighting":true,"audioPlay":false,"sceneViewState":{"m_AlwaysRefresh":false,"showFog":true,"showSkybox":true,"showFlares":true,"showImageEffects":true,"showParticleSystems":true,"showVisualEffectGraphs":true,"m_FxEnabled":true},"in2DMode":false,"pivot":{"x":7.782208442687988,"y":25.765178680419923,"z":-3.8423824310302736},"rotation":{"x":0.3378016948699951,"y":0.17955759167671204,"z":-0.06600739806890488,"w":0.9217626452445984},"size":12.778284072875977,"orthographic":false}